{
  "price_max": {
    "precision": 0.6666666666666666,
    "recall": 0.6666666666666666,
    "f1-score": 0.6666666666666666,
    "support": 3,
    "confused_with": {
      "price_min": 1
    }
  },
  "price_min": {
    "precision": 0.6666666666666666,
    "recall": 0.6666666666666666,
    "f1-score": 0.6666666666666666,
    "support": 3,
    "confused_with": {
      "price_max": 1
    }
  },
  "product_name": {
    "precision": 1.0,
    "recall": 0.75,
    "f1-score": 0.8571428571428571,
    "support": 4,
    "confused_with": {}
  },
  "micro avg": {
    "precision": 0.7777777777777778,
    "recall": 0.7,
    "f1-score": 0.7368421052631577,
    "support": 10
  },
  "macro avg": {
    "precision": 0.7777777777777777,
    "recall": 0.6944444444444443,
    "f1-score": 0.7301587301587301,
    "support": 10
  },
  "weighted avg": {
    "precision": 0.8,
    "recall": 0.7,
    "f1-score": 0.7428571428571429,
    "support": 10
  },
  "accuracy": 0.9869565217391304
}