{
  "price_max": {
    "precision": 1.0,
    "recall": 0.6666666666666666,
    "f1-score": 0.8,
    "support": 3,
    "confused_with": {
      "price_min": 1
    }
  },
  "price_min": {
    "precision": 0.75,
    "recall": 1.0,
    "f1-score": 0.8571428571428571,
    "support": 3,
    "confused_with": {}
  },
  "product_name": {
    "precision": 1.0,
    "recall": 0.75,
    "f1-score": 0.8571428571428571,
    "support": 4,
    "confused_with": {}
  },
  "micro avg": {
    "precision": 0.8888888888888888,
    "recall": 0.8,
    "f1-score": 0.8421052631578948,
    "support": 10
  },
  "macro avg": {
    "precision": 0.9166666666666666,
    "recall": 0.8055555555555555,
    "f1-score": 0.8380952380952381,
    "support": 10
  },
  "weighted avg": {
    "precision": 0.925,
    "recall": 0.8,
    "f1-score": 0.8400000000000001,
    "support": 10
  },
  "accuracy": 0.9915254237288136
}