{
  "price_max": {
    "precision": 1.0,
    "recall": 1.0,
    "f1-score": 1.0,
    "support": 3,
    "confused_with": {}
  },
  "price_min": {
    "precision": 1.0,
    "recall": 1.0,
    "f1-score": 1.0,
    "support": 3,
    "confused_with": {}
  },
  "product_name": {
    "precision": 0.6,
    "recall": 0.75,
    "f1-score": 0.6666666666666665,
    "support": 4,
    "confused_with": {}
  },
  "micro avg": {
    "precision": 0.8181818181818182,
    "recall": 0.9,
    "f1-score": 0.8571428571428572,
    "support": 10
  },
  "macro avg": {
    "precision": 0.8666666666666667,
    "recall": 0.9166666666666666,
    "f1-score": 0.8888888888888888,
    "support": 10
  },
  "weighted avg": {
    "precision": 0.8400000000000001,
    "recall": 0.9,
    "f1-score": 0.8666666666666666,
    "support": 10
  },
  "accuracy": 0.9865470852017937
}