{
  "price_max": {
    "precision": 0.6,
    "recall": 1.0,
    "f1-score": 0.7499999999999999,
    "support": 3,
    "confused_with": {}
  },
  "price_min": {
    "precision": 1.0,
    "recall": 0.3333333333333333,
    "f1-score": 0.5,
    "support": 3,
    "confused_with": {
      "price_max": 2
    }
  },
  "product_name": {
    "precision": 1.0,
    "recall": 0.75,
    "f1-score": 0.8571428571428571,
    "support": 4,
    "confused_with": {}
  },
  "micro avg": {
    "precision": 0.7777777777777778,
    "recall": 0.7,
    "f1-score": 0.7368421052631577,
    "support": 10
  },
  "macro avg": {
    "precision": 0.8666666666666667,
    "recall": 0.6944444444444443,
    "f1-score": 0.7023809523809524,
    "support": 10
  },
  "weighted avg": {
    "precision": 0.8800000000000001,
    "recall": 0.7,
    "f1-score": 0.7178571428571427,
    "support": 10
  },
  "accuracy": 0.9872881355932204
}