{
  "price_max": {
    "precision": 1.0,
    "recall": 0.3333333333333333,
    "f1-score": 0.5,
    "support": 3,
    "confused_with": {
      "price_min": 2
    }
  },
  "price_min": {
    "precision": 0.6,
    "recall": 1.0,
    "f1-score": 0.7499999999999999,
    "support": 3,
    "confused_with": {}
  },
  "product_name": {
    "precision": 0.5,
    "recall": 0.5,
    "f1-score": 0.5,
    "support": 4,
    "confused_with": {}
  },
  "micro avg": {
    "precision": 0.6,
    "recall": 0.6,
    "f1-score": 0.6,
    "support": 10
  },
  "macro avg": {
    "precision": 0.7000000000000001,
    "recall": 0.611111111111111,
    "f1-score": 0.5833333333333334,
    "support": 10
  },
  "weighted avg": {
    "precision": 0.6799999999999999,
    "recall": 0.6,
    "f1-score": 0.575,
    "support": 10
  },
  "accuracy": 0.971830985915493
}