{
  "price_max": {
    "precision": 0.6,
    "recall": 1.0,
    "f1-score": 0.7499999999999999,
    "support": 3,
    "confused_with": {}
  },
  "price_min": {
    "precision": 1.0,
    "recall": 0.3333333333333333,
    "f1-score": 0.5,
    "support": 3,
    "confused_with": {
      "price_max": 2
    }
  },
  "product_name": {
    "precision": 0.0,
    "recall": 0.0,
    "f1-score": 0.0,
    "support": 4,
    "confused_with": {}
  },
  "micro avg": {
    "precision": 0.6666666666666666,
    "recall": 0.4,
    "f1-score": 0.5,
    "support": 10
  },
  "macro avg": {
    "precision": 0.5333333333333333,
    "recall": 0.4444444444444444,
    "f1-score": 0.4166666666666667,
    "support": 10
  },
  "weighted avg": {
    "precision": 0.48,
    "recall": 0.4,
    "f1-score": 0.37499999999999994,
    "support": 10
  },
  "accuracy": 0.971830985915493
}