{
  "price_max": {
    "precision": 0.5,
    "recall": 0.3333333333333333,
    "f1-score": 0.4,
    "support": 3,
    "confused_with": {
      "price_min": 2
    }
  },
  "price_min": {
    "precision": 0.5,
    "recall": 0.6666666666666666,
    "f1-score": 0.5714285714285715,
    "support": 3,
    "confused_with": {
      "price_max": 1
    }
  },
  "product_name": {
    "precision": 1.0,
    "recall": 0.75,
    "f1-score": 0.8571428571428571,
    "support": 4,
    "confused_with": {}
  },
  "micro avg": {
    "precision": 0.6666666666666666,
    "recall": 0.6,
    "f1-score": 0.631578947368421,
    "support": 10
  },
  "macro avg": {
    "precision": 0.6666666666666666,
    "recall": 0.5833333333333334,
    "f1-score": 0.6095238095238096,
    "support": 10
  },
  "weighted avg": {
    "precision": 0.7,
    "recall": 0.6,
    "f1-score": 0.6342857142857143,
    "support": 10
  },
  "accuracy": 0.9826086956521739
}