{
  "price_max": {
    "precision": 0.25,
    "recall": 0.3333333333333333,
    "f1-score": 0.28571428571428575,
    "support": 3,
    "confused_with": {
      "price_min": 2
    }
  },
  "price_min": {
    "precision": 0.0,
    "recall": 0.0,
    "f1-score": 0.0,
    "support": 3,
    "confused_with": {
      "price_max": 3
    }
  },
  "product_name": {
    "precision": 1.0,
    "recall": 0.75,
    "f1-score": 0.8571428571428571,
    "support": 4,
    "confused_with": {}
  },
  "micro avg": {
    "precision": 0.4444444444444444,
    "recall": 0.4,
    "f1-score": 0.4210526315789474,
    "support": 10
  },
  "macro avg": {
    "precision": 0.4166666666666667,
    "recall": 0.3611111111111111,
    "f1-score": 0.38095238095238093,
    "support": 10
  },
  "weighted avg": {
    "precision": 0.475,
    "recall": 0.4,
    "f1-score": 0.42857142857142855,
    "support": 10
  },
  "accuracy": 0.9739130434782609
}