{
  "price_max": {
    "precision": 1.0,
    "recall": 1.0,
    "f1-score": 1.0,
    "support": 3,
    "confused_with": {}
  },
  "price_min": {
    "precision": 1.0,
    "recall": 1.0,
    "f1-score": 1.0,
    "support": 3,
    "confused_with": {}
  },
  "product_name": {
    "precision": 0.8,
    "recall": 1.0,
    "f1-score": 0.888888888888889,
    "support": 4,
    "confused_with": {}
  },
  "micro avg": {
    "precision": 0.9090909090909091,
    "recall": 1.0,
    "f1-score": 0.9523809523809523,
    "support": 10
  },
  "macro avg": {
    "precision": 0.9333333333333332,
    "recall": 1.0,
    "f1-score": 0.9629629629629629,
    "support": 10
  },
  "weighted avg": {
    "precision": 0.9199999999999999,
    "recall": 1.0,
    "f1-score": 0.9555555555555555,
    "support": 10
  },
  "accuracy": 0.9959514170040485
}