{
  "price_max": {
    "precision": 1.0,
    "recall": 1.0,
    "f1-score": 1.0,
    "support": 3,
    "confused_with": {}
  },
  "price_min": {
    "precision": 1.0,
    "recall": 1.0,
    "f1-score": 1.0,
    "support": 3,
    "confused_with": {}
  },
  "product_name": {
    "precision": 0.6666666666666666,
    "recall": 0.5,
    "f1-score": 0.5714285714285715,
    "support": 4,
    "confused_with": {}
  },
  "micro avg": {
    "precision": 0.8888888888888888,
    "recall": 0.8,
    "f1-score": 0.8421052631578948,
    "support": 10
  },
  "macro avg": {
    "precision": 0.8888888888888888,
    "recall": 0.8333333333333334,
    "f1-score": 0.8571428571428572,
    "support": 10
  },
  "weighted avg": {
    "precision": 0.8666666666666666,
    "recall": 0.8,
    "f1-score": 0.8285714285714286,
    "support": 10
  },
  "accuracy": 0.9880478087649402
}