{
  "price_max": {
    "precision": 0.0,
    "recall": 0.0,
    "f1-score": 0.0,
    "support": 3,
    "confused_with": {
      "price_min": 3
    }
  },
  "price_min": {
    "precision": 0.5,
    "recall": 1.0,
    "f1-score": 0.6666666666666666,
    "support": 3,
    "confused_with": {}
  },
  "product_name": {
    "precision": 1.0,
    "recall": 0.75,
    "f1-score": 0.8571428571428571,
    "support": 4,
    "confused_with": {}
  },
  "micro avg": {
    "precision": 0.6666666666666666,
    "recall": 0.6,
    "f1-score": 0.631578947368421,
    "support": 10
  },
  "macro avg": {
    "precision": 0.5,
    "recall": 0.5833333333333334,
    "f1-score": 0.5079365079365079,
    "support": 10
  },
  "weighted avg": {
    "precision": 0.55,
    "recall": 0.6,
    "f1-score": 0.5428571428571429,
    "support": 10
  },
  "accuracy": 0.9830508474576272
}