{
  "price_max": {
    "precision": 0.6,
    "recall": 1.0,
    "f1-score": 0.7499999999999999,
    "support": 3,
    "confused_with": {}
  },
  "price_min": {
    "precision": 1.0,
    "recall": 0.3333333333333333,
    "f1-score": 0.5,
    "support": 3,
    "confused_with": {
      "price_max": 2
    }
  },
  "product_name": {
    "precision": 1.0,
    "recall": 0.25,
    "f1-score": 0.4,
    "support": 4,
    "confused_with": {}
  },
  "micro avg": {
    "precision": 0.7142857142857143,
    "recall": 0.5,
    "f1-score": 0.588235294117647,
    "support": 10
  },
  "macro avg": {
    "precision": 0.8666666666666667,
    "recall": 0.5277777777777778,
    "f1-score": 0.5499999999999999,
    "support": 10
  },
  "weighted avg": {
    "precision": 0.8800000000000001,
    "recall": 0.5,
    "f1-score": 0.5349999999999999,
    "support": 10
  },
  "accuracy": 0.9788135593220338
}