{
  "config_1": [
    [
      0.6614895306828946,
      0.6843655613392455,
      0.6278004794595183,
      0.5231952163016236,
      0.4535289837496968
    ],
    [
      0.7263784461152882,
      0.7722848788638262,
      0.6558997130507427,
      0.4982932444232754,
      0.4517752715121136
    ],
    [
      0.7017559925454662,
      0.7216203387256018,
      0.6667666974453678,
      0.5348484848484848,
      0.47161654135338343
    ],
    [
      0.6845530772304228,
      0.6431792622582096,
      0.5503654970760234,
      0.4916139987650284,
      0.4556607865818392
    ]
  ],
  "config_2": [
    [
      0.5826079622132254,
      0.5332637148426621,
      0.5530492898913951,
      0.47372210169693,
      0.4249249796732634
    ],
    [
      0.6026733500417711,
      0.6369316932682584,
      0.4852673350041772,
      0.427172096908939,
      0.37406015037593987
    ],
    [
      0.6095238095238095,
      0.5431599832915622,
      0.47459826035677427,
      0.3590908360645203,
      0.3561376266753841
    ],
    [
      0.62560362025465,
      0.589499791144528,
      0.5295736903574432,
      0.4415533719208508,
      0.3717322151532678
    ]
  ]
}